customer_id,customer_name,signup_date,membership_tier,country
C001,Taylor Garcia,2022-02-11,Gold,Germany
C002,Kendall Lee,2022-11-04,Bronze,Vietnam
C003,Blake Brown,2021-05-11,Platinum,Germany
C004,Dana Brown,2022-11-19,Silver,Vietnam
C005,Emerson Brown,2021-02-04,Silver,Vietnam
C006,Casey Lee,2022-01-10,Gold,Australia
C007,Hayden Tran,2022-04-21,Bronze,USA
C008,Skyler Garcia,2021-05-24,Gold,Australia
C009,Blake Muller,2023-11-26,Bronze,Germany
C010,Blake Wilson,2022-02-12,Silver,UK
C011,Morgan Nguyen,2021-09-07,Bronze,Germany
C012,Skyler Kim,2023-07-18,Silver,Canada
C013,Drew Garcia,2022-08-06,Gold,UK
C014,Taylor Lee,2023-10-21,Silver,Canada
C015,Kendall Garcia,2021-10-24,Gold,Australia
C016,Emerson Nguyen,2022-03-23,Platinum,Canada
C017,Drew Garcia,2023-05-21,Silver,Australia
C018,Blake Garcia,2022-05-16,Bronze,Vietnam
C019,Casey Muller,2023-09-11,Bronze,Germany
C020,Casey Smith,2022-07-22,Gold,Germany
C021,Sam Lee,2022-05-13,Silver,Germany
C022,Drew Garcia,2022-06-13,Silver,Canada
C023,Reese Smith,2022-10-23,Gold,USA
C024,Morgan Johnson,2023-07-24,Bronze,USA
C025,Quinn Johnson,2021-10-20,Bronze,Vietnam
C026,Peyton Smith,2021-06-14,Platinum,UK
C027,Jamie Nguyen,2023-03-27,Gold,Canada
C028,Taylor Kim,2023-07-01,Bronze,Australia
C029,Kendall Kim,2023-09-15,Bronze,Vietnam
C030,Hayden Tran,2023-01-13,Gold,Canada
C031,Casey Muller,2021-07-18,Platinum,USA
C032,Casey Muller,2021-10-04,Gold,Australia
C033,Casey Muller,2022-07-27,Bronze,UK
C034,Quinn Tran,2022-12-22,Bronze,Vietnam
C035,Drew Brown,2021-04-21,Gold,Canada
C036,Jordan Smith,2022-07-25,Bronze,Vietnam
C037,Riley Smith,2022-01-10,Bronze,Germany
C038,Skyler Lee,2021-01-15,Gold,USA
C039,Quinn Wilson,2021-04-23,Bronze,Canada
C040,Emerson Kim,2022-06-22,Bronze,Vietnam
C041,Taylor Lee,2022-12-01,Bronze,USA
C042,Rowan Tran,2023-02-03,Gold,UK
C043,Emerson Wilson,2023-07-19,Silver,Germany
C044,Reese Brown,2022-10-25,Bronze,Germany
C045,Morgan Nguyen,2021-08-26,Silver,USA
C046,Peyton Nguyen,2023-10-27,Bronze,Canada
C047,Emerson Garcia,2023-02-02,Gold,Germany
C048,Jamie Johnson,2022-07-14,Bronze,Germany
C049,Jordan Brown,2021-10-03,Silver,Canada
C050,Jamie Muller,2021-10-19,Silver,Vietnam
C051,Reese Tran,2023-06-11,Gold,Vietnam
C052,Sam Brown,2023-03-27,Gold,USA
C053,Quinn Tran,2022-11-10,Silver,Vietnam
C054,Emerson Muller,2023-01-14,Bronze,UK
C055,Quinn Johnson,2021-04-07,Bronze,Germany
C056,Rowan Lee,2021-11-05,Bronze,Canada
C057,Kendall Garcia,2023-06-02,Bronze,UK
C058,Quinn Tran,2021-10-17,Silver,USA
C059,Blake Lee,2021-09-19,Bronze,Australia
C060,Dana Wilson,2023-12-20,Silver,Canada
