order_id,order_date,customer_id,category,product,qty,unit_price ($),discount_pct,region,rating
ORD01000,2024-02-01,C031,Toys,Board Game,2,37.71,0.2,West,1.0
ORD01001,2024-02-17,C028,Sports,Resistance Bands,4,23.79,0.1,East,
ORD01002,2024-02-03,C012,Toys,RC Car,5,21.06,0.0,South,1.0
ORD01003,2024-02-11,C026,Sports,Water Bottle,5,117.06,0.0,West,1.0
ORD01004,2024-02-02,C033,Electronics,Bluetooth Speaker,2,66.48,0.0,West,4.0
ORD01005,2024-02-01,C051,Home & Kitchen,LED Lamp,5,10.19,0.0,North,
ORD01006,2024-02-13,C011,Toys,Puzzle 500pc,4,110.31,0.1,South,
ORD01007,2024-02-04,C043,Toys,Building Blocks,2,26.78,0.1,North,2.0
ORD01008,2024-02-23,C024,Books,Bookmark Pack,1,101.85,0.2,North,5.0
ORD01009,2024-02-08,C022,Books,Bookmark Pack,5,116.76,0.05,South,4.0
ORD01010,2024-02-27,C006,Home & Kitchen,Non-stick Pan,1,13.91,0.0,South,1.0
ORD01011,2024-02-25,C059,Electronics,USB-C Cable,1,28.67,0.0,East,5.0
ORD01012,2024-02-16,C016,Electronics,USB-C Cable,3,22.66,,North,1.0
ORD01013,2024-02-04,C021,Books,Planner 2024,4,28.21,0.1,West,5.0
ORD01014,2024-02-22,C026,Electronics,Wireless Mouse,3,55.35,0.0,South,2.0
ORD01015,2024-02-26,C011,Home & Kitchen,Storage Box,2,80.12,0.0,North,4.0
ORD01016,2024-02-15,C017,Beauty,Hand Cream,4,17.34,0.0,East,1.0
ORD01017,2024-02-21,C039,Toys,Puzzle 500pc,3,59.96,,East,
ORD01018,2024-02-02,C044,Books,Notebook Set,3,58.94,0.2,South,4.0
ORD01019,2024-02-13,C040,Books,Planner 2024,4,54.24,0.05,East,
ORD01020,2024-02-15,C030,Beauty,Nail Kit,5,47.65,0.2,West,2.0
ORD01021,2024-02-07,C054,Sports,Resistance Bands,2,90.7,0.05,East,1.0
ORD01022,2024-02-09,C012,Beauty,Lip Balm,3,114.95,0.0,North,2.0
ORD01023,2024-02-11,C017,Toys,Board Game,4,86.44,0.2,South,
ORD01024,2024-02-14,C035,Home & Kitchen,Non-stick Pan,2,68.28,0.0,North,3.0
ORD01025,2024-02-07,C029,Beauty,Face Serum,5,56.55,0.05,South,
ORD01026,2024-02-04,C043,Sports,Water Bottle,4,91.45,0.0,South,2.0
ORD01027,2024-02-01,C053,Home & Kitchen,Cutting Board,2,32.14,0.1,East,4.0
ORD01028,2024-02-13,C043,Books,Bookmark Pack,3,107.32,0.1,West,
ORD01029,2024-02-28,C007,Electronics,Bluetooth Speaker,3,61.85,0.05,East,3.0
ORD01030,2024-02-25,C008,Beauty,Lip Balm,1,102.5,0.15,West,
ORD01031,2024-02-07,C011,Sports,Jump Rope,2,74.72,0.1,East,
ORD01032,2024-02-20,C045,Home & Kitchen,Ceramic Mug,4,114.17,0.0,West,
ORD01033,2024-02-12,C015,Home & Kitchen,Non-stick Pan,5,35.44,0.2,East,5.0
ORD01034,2024-02-08,C037,Toys,Building Blocks,2,35.43,0.2,South,4.0
ORD01035,2024-02-25,C003,Beauty,Hair Brush,2,101.04,,East,2.0
ORD01036,2024-02-21,C015,Home & Kitchen,Non-stick Pan,5,98.14,0.1,South,2.0
ORD01037,2024-02-04,C059,Home & Kitchen,Ceramic Mug,1,52.16,0.05,East,3.0
ORD01038,2024-02-22,C025,Electronics,Bluetooth Speaker,4,111.18,0.05,West,
ORD01039,2024-02-16,C049,Sports,Yoga Mat,2,26.32,0.05,West,3.0
ORD01040,2024-02-12,C025,Books,Sketch Pad,4,34.29,0.0,West,
ORD01041,2024-02-11,C056,Toys,Board Game,2,9.04,0.0,West,
ORD01042,2024-02-09,C033,Books,Bookmark Pack,2,31.18,,West,3.0
ORD01043,2024-02-06,C032,Beauty,Nail Kit,1,94.8,0.0,South,5.0
ORD01044,2024-02-07,C041,Toys,Board Game,1,91.18,0.15,North,5.0
ORD01045,2024-02-09,C041,Books,Sticky Notes,3,50.44,0.15,South,4.0
ORD01046,2024-02-26,C024,Home & Kitchen,LED Lamp,4,96.45,0.0,West,5.0
ORD01047,2024-02-03,C018,Sports,Water Bottle,4,59.5,0.0,South,5.0
ORD01048,2024-02-22,C015,Books,Planner 2024,4,117.7,0.05,South,
ORD01049,2024-02-17,C030,Books,Sketch Pad,4,100.4,0.2,East,1.0
ORD01050,2024-02-27,C022,Sports,Yoga Mat,3,104.49,,South,
ORD01051,2024-02-12,C047,Beauty,Hair Brush,2,104.66,0.0,North,4.0
ORD01052,2024-02-18,C056,Beauty,Lip Balm,4,8.13,0.0,East,1.0
ORD01053,2024-02-02,C021,Books,Notebook Set,3,56.7,0.0,West,4.0
ORD01054,2024-02-10,C018,Toys,RC Car,1,116.82,0.0,West,
ORD01055,2024-02-15,C050,Home & Kitchen,Ceramic Mug,1,18.81,0.05,North,
ORD01056,2024-02-15,C025,Beauty,Hair Brush,1,77.55,0.15,East,3.0
ORD01057,2024-02-22,C015,Sports,Jump Rope,2,58.78,0.0,South,
ORD01058,2024-02-22,C046,Beauty,Hand Cream,4,83.9,0.0,North,
ORD01059,2024-02-08,C038,Home & Kitchen,LED Lamp,4,109.63,0.0,South,2.0
ORD01060,2024-02-20,C046,Sports,Jump Rope,1,20.53,0.1,East,
ORD01061,2024-02-24,C050,Sports,Yoga Mat,3,14.97,0.2,West,
ORD01062,2024-02-26,C058,Sports,Resistance Bands,1,59.34,0.15,East,4.0
ORD01063,2024-02-10,C030,Books,Planner 2024,4,89.81,0.0,East,1.0
ORD01064,2024-02-03,C039,Books,Sticky Notes,5,56.82,0.2,North,
ORD01065,2024-02-28,C011,Sports,Water Bottle,4,89.35,0.15,North,1.0
ORD01066,2024-02-07,C057,Sports,Jump Rope,1,78.78,0.0,West,1.0
ORD01067,2024-02-20,C016,Books,Notebook Set,4,102.72,0.05,South,
ORD01068,2024-02-25,C020,Books,Sticky Notes,4,118.88,0.2,East,4.0
ORD01069,2024-02-26,C055,Home & Kitchen,Non-stick Pan,3,100.78,0.0,,2.0
ORD01070,2024-02-15,C025,Books,Planner 2024,5,41.9,0.0,East,1.0
ORD01071,2024-02-28,C027,Sports,Jump Rope,4,43.36,0.05,North,2.0
ORD01072,2024-02-05,C054,Electronics,USB-C Cable,1,68.71,,South,1.0
ORD01073,2024-02-15,C037,Home & Kitchen,Storage Box,1,11.32,,West,
ORD01074,2024-02-01,C036,Home & Kitchen,LED Lamp,4,13.26,0.05,West,
ORD01075,2024-02-27,C058,Toys,Building Blocks,3,22.25,0.2,West,2.0
ORD01076,2024-02-02,C029,Toys,RC Car,3,59.88,0.0,North,4.0
ORD01077,2024-02-07,C043,Beauty,Lip Balm,1,55.51,0.1,West,4.0
ORD01078,2024-02-07,C010,Electronics,Wireless Mouse,5,74.39,0.05,North,5.0
ORD01079,2024-02-09,C056,Sports,Yoga Mat,1,99.81,0.1,West,
ORD01080,2024-02-28,C048,Books,Bookmark Pack,3,92.75,0.0,West,2.0
ORD01081,2024-02-19,C045,Electronics,Wireless Mouse,5,75.59,0.2,East,
ORD01082,2024-02-09,C008,Beauty,Face Serum,4,102.63,0.15,East,3.0
ORD01083,2024-02-03,C013,Beauty,Face Serum,2,25.1,0.05,West,2.0
ORD01084,2024-02-26,C006,Toys,Plush Bear,4,102.95,0.05,East,
ORD01085,2024-02-12,C029,Beauty,Nail Kit,5,22.32,0.05,South,
ORD01086,2024-02-24,C049,Beauty,Nail Kit,1,43.53,0.0,East,2.0
ORD01087,2024-02-06,C042,Toys,Building Blocks,4,18.33,0.05,North,
ORD01088,2024-02-15,C026,Electronics,Wireless Mouse,3,21.08,0.0,South,
ORD01089,2024-02-10,C028,Electronics,Phone Stand,4,47.98,0.0,North,
ORD01090,2024-02-01,C046,Home & Kitchen,Non-stick Pan,4,48.45,0.15,East,1.0
ORD01091,2024-02-07,C046,Sports,Gym Towel,3,16.53,0.0,North,4.0
ORD01092,2024-02-02,C058,Toys,Building Blocks,4,77.72,0.15,,4.0
ORD01093,2024-02-15,C020,Books,Sticky Notes,1,43.67,,South,5.0
ORD01094,2024-02-27,C048,Electronics,Bluetooth Speaker,1,59.61,0.2,North,
ORD01095,2024-02-25,C031,Books,Notebook Set,1,53.72,0.0,,
ORD01096,2024-02-15,C014,Beauty,Hand Cream,1,37.14,0.05,South,2.0
ORD01097,2024-02-15,C041,Home & Kitchen,Storage Box,2,8.57,0.05,East,
ORD01098,2024-02-11,C004,Sports,Water Bottle,3,45.12,0.05,South,4.0
ORD01099,2024-02-27,C015,Books,Sketch Pad,2,108.51,,East,
ORD01100,2024-02-20,C042,Beauty,Nail Kit,2,97.8,0.0,East,1.0
ORD01101,2024-02-10,C001,Toys,RC Car,2,23.73,0.0,North,3.0
ORD01102,2024-02-08,C022,Electronics,Webcam,4,9.55,0.0,South,
ORD01103,2024-02-17,C002,Home & Kitchen,Non-stick Pan,1,48.54,0.05,South,
ORD01104,2024-02-15,C002,Home & Kitchen,Non-stick Pan,2,118.94,0.15,East,
ORD01105,2024-02-22,C019,Beauty,Face Serum,4,102.09,0.05,West,5.0
ORD01106,2024-02-19,C041,Electronics,Webcam,3,119.34,0.0,North,
ORD01107,2024-02-24,C003,Beauty,Nail Kit,4,74.28,0.1,South,5.0
ORD01108,2024-02-08,C056,Books,Sticky Notes,3,50.16,0.0,West,1.0
ORD01109,2024-02-22,C022,Sports,Jump Rope,2,62.79,0.0,East,
ORD01110,2024-02-22,C035,Books,Sticky Notes,3,99.75,0.05,,1.0
ORD01111,2024-02-05,C056,Toys,Puzzle 500pc,1,65.54,0.1,East,
ORD01112,2024-02-23,C031,Toys,Puzzle 500pc,2,87.92,,East,
ORD01113,2024-02-08,C020,Books,Sketch Pad,2,81.24,0.05,West,
ORD01114,2024-02-28,C019,Electronics,Bluetooth Speaker,2,55.91,0.15,North,4.0
ORD01115,2024-02-10,C019,Toys,Building Blocks,3,111.07,0.2,West,1.0
ORD01116,2024-02-08,C037,Home & Kitchen,Non-stick Pan,4,52.86,0.05,West,5.0
ORD01117,2024-02-25,C045,Electronics,Bluetooth Speaker,1,80.18,0.0,North,2.0
ORD01118,2024-02-09,C029,Sports,Gym Towel,3,41.82,0.0,East,
ORD01119,2024-02-07,C021,Sports,Resistance Bands,2,49.38,0.0,East,1.0
ORD01120,2024-02-15,C055,Beauty,Hair Brush,5,48.57,0.15,,2.0
ORD01121,2024-02-13,C034,Beauty,Lip Balm,1,54.35,0.2,South,
ORD01122,2024-02-18,C027,Electronics,Wireless Mouse,4,63.38,0.15,West,3.0
ORD01123,2024-02-22,C039,Beauty,Hair Brush,5,104.94,0.0,North,1.0
ORD01124,2024-02-03,C043,Sports,Resistance Bands,1,43.99,0.0,North,4.0
ORD01125,2024-02-17,C018,Beauty,Face Serum,1,38.62,0.0,East,
ORD01126,2024-02-27,C013,Beauty,Face Serum,1,9.97,,West,5.0
ORD01127,2024-02-18,C054,Sports,Water Bottle,3,55.16,0.0,South,2.0
ORD01128,2024-02-09,C007,Books,Bookmark Pack,5,49.24,0.0,South,
ORD01129,2024-02-09,C016,Beauty,Hand Cream,3,110.71,,South,
ORD01130,2024-02-17,C019,Sports,Gym Towel,2,27.78,0.0,East,5.0
ORD01131,2024-02-19,C005,Beauty,Lip Balm,1,54.27,0.0,South,4.0
ORD01132,2024-02-02,C043,Home & Kitchen,Ceramic Mug,4,88.71,0.0,West,1.0
ORD01133,2024-02-22,C026,Toys,Puzzle 500pc,1,7.73,0.2,North,1.0
ORD01134,2024-02-24,C018,Home & Kitchen,Storage Box,5,62.58,0.05,North,
ORD01135,2024-02-10,C032,Sports,Yoga Mat,5,81.5,0.2,South,4.0
ORD01136,2024-02-05,C013,Home & Kitchen,LED Lamp,3,40.13,0.0,South,1.0
ORD01137,2024-02-04,C003,Books,Sticky Notes,1,84.79,0.2,North,
ORD01138,2024-02-17,C051,Home & Kitchen,Storage Box,1,10.16,0.2,North,5.0
ORD01139,2024-02-11,C034,Sports,Resistance Bands,1,73.45,0.0,North,
ORD01140,2024-02-07,C045,Books,Sticky Notes,2,91.6,0.15,West,2.0
ORD01141,2024-02-26,C030,Home & Kitchen,Cutting Board,2,112.17,0.1,South,4.0
ORD01142,2024-02-04,C046,Sports,Yoga Mat,2,65.68,,West,
ORD01143,2024-02-08,C046,Beauty,Hand Cream,1,108.53,,East,4.0
ORD01144,2024-02-27,C012,Electronics,Webcam,5,72.41,0.15,East,1.0
ORD01145,2024-02-10,C029,Books,Sticky Notes,3,91.95,0.05,North,5.0
ORD01146,2024-02-19,C012,Toys,RC Car,1,51.49,0.0,East,2.0
ORD01147,2024-02-24,C032,Books,Sketch Pad,4,76.85,0.2,North,
ORD01148,2024-02-21,C023,Toys,Plush Bear,3,15.4,0.15,North,1.0
ORD01149,2024-02-08,C023,Books,Bookmark Pack,3,43.94,0.15,West,3.0
ORD01150,2024-02-15,C057,Home & Kitchen,Ceramic Mug,4,27.2,0.0,West,
ORD01151,2024-02-26,C037,Electronics,USB-C Cable,2,98.81,0.2,West,
ORD01152,2024-02-15,C039,Toys,Plush Bear,1,10.86,0.05,West,4.0
ORD01153,2024-02-21,C017,Home & Kitchen,Storage Box,5,62.34,0.0,West,1.0
ORD01154,2024-02-13,C053,Toys,Puzzle 500pc,3,112.76,0.2,East,5.0
ORD01155,2024-02-28,C013,Electronics,USB-C Cable,1,31.76,0.0,North,5.0
ORD01156,2024-02-05,C003,Sports,Yoga Mat,2,47.33,0.1,West,3.0
ORD01157,2024-02-01,C058,Toys,Plush Bear,5,77.6,0.1,East,
ORD01158,2024-02-15,C032,Toys,RC Car,1,48.39,,East,2.0
ORD01159,2024-02-27,C018,Sports,Gym Towel,2,65.67,0.2,North,
ORD01160,2024-02-20,C015,Books,Sticky Notes,2,79.03,0.05,South,
ORD01161,2024-02-19,C037,Home & Kitchen,Non-stick Pan,3,8.56,0.15,West,4.0
ORD01162,2024-02-01,C039,Home & Kitchen,Non-stick Pan,3,16.49,0.0,,2.0
ORD01163,2024-02-04,C056,Beauty,Hair Brush,5,67.7,0.0,West,
ORD01164,2024-02-13,C013,Sports,Yoga Mat,2,13.83,0.2,North,
